1,"t","Meat Animals Production, Disposition, and Income 2012 Summary: Released April 25, 2013, by the National Agricultural Statistics Service (NASS), Agricultural Statistics Board, United States Department of Agriculture (USDA)."
1,"t","Meat Animals Production and Income � United States: 2011 and 2012"
1,"h","","","","","","",""
1,"h","Year","Production","Marketings","Value of","Cash receipts","Value of home","Gross"
1,"h","","","","production","","consumption","income"
1,"h","","","","","","",""
1,"u","","(million pounds)","(million pounds)","(million dollars)","(million dollars)","(million dollars)","(million dollars)"
1,"d","2011",72674,88055,65362,84711,556,85267
1,"d","2012",73452,88745,69603,90143,584,90727
1,"c",""
