3,"t","Meat Animals Production, Disposition, and Income 2012 Summary: Released April 25, 2013, by the National Agricultural Statistics Service (NASS), Agricultural Statistics Board, United States Department of Agriculture (USDA)."
3,"t","Cattle and Calves Inventory, Supply, and Disposition � States and United States: 2011 (continued)"
3,"t","[Balance sheet estimates by State; the sum of inventory January 1, 2011, calf crop, and inshipments is equal to the sum of marketings, farm slaughter, deaths, and inventory January 1, 2012]"
3,"h","","","","",""
3,"h","","","Deaths","Deaths",""
3,"h","State","Farm","","","Inventory"
3,"h","","slaughter 2/","Cattle","Calves","January 1, 2012"
3,"h","","","","",""
3,"u","","(1,000 head)","(1,000 head)","(1,000 head)","(1,000 head)"
3,"d","Alabama",2.0,23.0,29.0,1210.0
3,"d","Alaska",0.5,1.0,1.0,13.0
3,"d","Arizona",2.0,25.0,20.0,920.0
3,"d","Arkansas",3.0,30.0,40.0,1670.0
3,"d","California",13.0,95.0,135.0,5350.0
3,"d","Colorado",2.5,65.0,50.0,2750.0
3,"d","Connecticut",1.0,1.1,1.0,49.0
3,"d","Delaware",0.2,0.4,0.5,19.0
3,"d","Florida",2.0,27.0,33.0,1710.0
3,"d","Georgia",3.0,15.0,22.0,1020.0
3,"d","",,,,
3,"d","Hawaii",1.0,3.0,2.0,140.0
3,"d","Idaho",4.0,38.0,45.0,2220.0
3,"d","Illinois",8.0,20.0,31.0,1070.0
3,"d","Indiana",6.0,15.0,24.0,860.0
3,"d","Iowa",2.0,70.0,105.0,3900.0
3,"d","Kansas",3.0,135.0,70.0,6100.0
3,"d","Kentucky",5.0,48.0,77.0,2150.0
3,"d","Louisiana",2.0,15.0,18.0,790.0
3,"d","Maine",1.0,1.9,2.8,86.0
3,"d","Maryland",2.0,3.3,5.0,200.0
3,"d","",,,,
3,"d","Massachusetts",1.0,1.0,1.0,41.0
3,"d","Michigan",3.0,23.0,46.0,1110.0
3,"d","Minnesota",6.0,46.0,88.0,2360.0
3,"d","Mississippi",2.0,22.0,26.0,950.0
3,"d","Missouri",4.0,65.0,110.0,3900.0
3,"d","Montana",4.0,25.0,62.0,2500.0
3,"d","Nebraska",3.0,120.0,90.0,6450.0
3,"d","Nevada",2.0,6.0,12.0,470.0
3,"d","New Hampshire",0.5,0.8,0.9,35.0
3,"d","New Jersey",0.6,0.5,0.7,31.0
3,"d","",,,,
3,"d","New Mexico",2.0,25.0,36.0,1390.0
3,"d","New York",4.0,31.0,45.0,1410.0
3,"d","North Carolina",1.4,11.0,15.0,810.0
3,"d","North Dakota",1.5,21.0,50.0,1690.0
3,"d","Ohio",6.0,24.0,31.0,1280.0
3,"d","Oklahoma",5.0,85.0,130.0,4500.0
3,"d","Oregon",8.0,20.0,45.0,1300.0
3,"d","Pennsylvania",9.0,32.0,42.0,1610.0
3,"d","Rhode Island",0.1,0.1,0.2,4.5
3,"d","South Carolina",2.0,6.0,7.0,370.0
3,"d","",,,,
3,"d","South Dakota",1.0,56.0,99.0,3650.0
3,"d","Tennessee",3.0,30.0,50.0,1970.0
3,"d","Texas",10.0,360.0,250.0,11900.0
3,"d","Utah",1.5,11.0,24.0,800.0
3,"d","Vermont",1.5,6.0,8.0,260.0
3,"d","Virginia",5.0,21.0,47.0,1490.0
3,"d","Washington",9.0,19.0,23.0,1110.0
3,"d","West Virginia",2.0,6.0,9.0,390.0
3,"d","Wisconsin",6.7,70.0,140.0,3400.0
3,"d","Wyoming",1.0,12.0,31.0,1360.0
3,"d","",,,,
3,"d","United States",169.0,1787.1,2230.1,90768.5
3,"c",""
3,"f","-  Represents zero."
3,"f","1/  Includes custom slaughter for use on farms where produced and State outshipments, but excludes interfarm sales within the State."
3,"f","2/  Excludes custom slaughter for farmers at commercial establishments."
