16,"t","Meat Animals Production, Disposition, and Income 2012 Summary: Released April 25, 2013, by the National Agricultural Statistics Service (NASS), Agricultural Statistics Board, United States Department of Agriculture (USDA)."
16,"t","Hogs and Pigs Production and Income � States and United States: 2012"
16,"t","[Dollar values based on data received from United States Department of Agriculture's Agricultural Marketing Service]"
16,"h","","","","","","",""
16,"h","State","Production 1/","Marketings 2/","Value of","Cash receipts 3/ 4/","Value of home","Gross"
16,"h","","","","production 3/","","consumption","income"
16,"h","","","","","","",""
16,"u","","(1,000 pounds)","(1,000 pounds)","(1,000 dollars)","(1,000 dollars)","(1,000 dollars)","(1,000 dollars)"
16,"d","Alabama",50277,59730,33361,40065,346,40411
16,"d","Alaska",414,300,284,204,88,292
16,"d","Arizona",84118,87625,55619,59585,344,59929
16,"d","Arkansas",88930,94944,81470,86657,714,87371
16,"d","California",47596,55815,24696,38675,1337,40012
16,"d","Colorado",288797,298210,215406,224724,504,225228
16,"d","Connecticut",796,625,507,404,149,553
16,"d","Delaware",2889,3220,1631,2088,59,2147
16,"d","Florida",3423,4043,2197,2561,133,2694
16,"d","Georgia",98272,108288,64807,73890,714,74604
16,"d","",,,,,,
16,"d","Hawaii",4330,3577,2944,2432,417,2849
16,"d","Idaho","(D)","(D)","(D)","(D)","(D)","(D)"
16,"d","Illinois",2004025,2060235,1386996,1477542,1111,1478653
16,"d","Indiana",1778521,1816685,1097313,1205526,1323,1206849
16,"d","Iowa",10371793,10803933,6191607,6975931,4372,6980303
16,"d","Kansas",930293,973890,582335,634796,895,635691
16,"d","Kentucky",171477,178585,108858,115409,1576,116985
16,"d","Louisiana",1337,1216,862,778,122,900
16,"d","Maine",2985,2664,2018,1836,289,2125
16,"d","Maryland",11096,12912,5941,8851,189,9040
16,"d","",,,,,,
16,"d","Massachusetts",2274,2414,1366,1556,131,1687
16,"d","Michigan",549456,547316,350352,356555,799,357354
16,"d","Minnesota",4027922,4241939,2429466,2853765,2680,2856445
16,"d","Mississippi",155865,148140,102135,97440,736,98176
16,"d","Missouri",1339897,1369076,921462,975685,1085,976770
16,"d","Montana",81659,84455,56979,60728,485,61213
16,"d","Nebraska",1279738,1297656,868108,888735,2231,890966
16,"d","Nevada",1932,2125,990,1445,68,1513
16,"d","New Hampshire",1377,1320,810,850,69,919
16,"d","New Jersey",1575,2332,619,1500,136,1636
16,"d","",,,,,,
16,"d","New Mexico",375,389,207,247,82,329
16,"d","New York",26418,29487,16936,18962,764,19726
16,"d","North Carolina",3921079,3915663,2549981,2552824,620,2553444
16,"d","North Dakota",57044,65834,50845,57904,722,58626
16,"d","Ohio",1088705,1121600,681552,724623,5697,730320
16,"d","Oklahoma",1336466,1373232,877254,913827,574,914401
16,"d","Oregon",5170,4770,3504,3255,326,3581
16,"d","Pennsylvania",511032,523556,321730,339625,823,340448
16,"d","Rhode Island",643,571,396,368,31,399
16,"d","South Carolina",47918,45540,30708,30724,1421,32145
16,"d","",,,,,,
16,"d","South Dakota",805611,873660,546746,619859,1560,621419
16,"d","Tennessee",85466,89035,54349,57226,748,57974
16,"d","Texas",220864,216940,146053,143937,2817,146754
16,"d","Utah",290855,293773,197206,199153,245,199398
16,"d","Vermont",1367,1132,875,730,92,822
16,"d","Virginia",68800,83400,40495,54507,836,55343
16,"d","Washington","(D)","(D)","(D)","(D)","(D)","(D)"
16,"d","West Virginia",2325,1450,1505,952,502,1454
16,"d","Wisconsin",173699,178252,127412,133402,986,134388
16,"d","Wyoming",165685,165478,116148,116044,800,116844
16,"d","",,,,,,
16,"d","Idaho and",,,,,,
16,"d"," Washington",50939,50981,34188,34733,570,35303
16,"d","",,,,,,
16,"d","United States",32243525,33298013,20389229,22193115,43318,22236433
16,"c",""
16,"f","(D)  Withheld to avoid disclosing data for individual operations."
16,"f","1/ Adjustments made for changes in inventory and for inshipments."
16,"f","2/ Excludes custom slaughter for use on farms where produced and interfarm sales within the State."
16,"f","3/ Includes allowance for higher average price of State inshipments and outshipments of feeder pigs."
16,"f","4/ Receipts from marketings and sale of farm slaughter."
