10,"t","Meat Animals Production, Disposition, and Income 2012 Summary: Released April 25, 2013, by the National Agricultural Statistics Service (NASS), Agricultural Statistics Board, United States Department of Agriculture (USDA)."
10,"t","Hogs and Pigs Inventory, Supply, and Disposition � States and United States: 2011"
10,"t","[Balance sheet estimates by State; the sum of inventory December 1, 2010, pig crop, and inshipments is equal to the sum of marketings, farm slaughter, deaths, and inventory December 1, 2011]"
10,"h","","","",""
10,"h","","","",""
10,"h","State","Inventory","Pig crop","Inshipments"
10,"h","","December 1, 2010","December - November",""
10,"h","","","",""
10,"u","","(1,000 head)","(1,000 head)","(1,000 head)"
10,"d","Alabama",130.0,264.0,105.0
10,"d","Alaska",1.2,1.9,0.7
10,"d","Arizona",165.0,389.0,9.0
10,"d","Arkansas",160.0,1227.0,30.0
10,"d","California",105.0,99.0,165.0
10,"d","Colorado",730.0,2811.0,140.0
10,"d","Connecticut",3.4,3.4,0.3
10,"d","Delaware",5.5,24.0,2.3
10,"d","Florida",15.0,28.0,10.0
10,"d","Georgia",160.0,534.0,201.0
10,"d","",,,
10,"d","Hawaii",12.5,18.5,-
10,"d","Idaho","(D)","(D)","(D)"
10,"d","Illinois",4400.0,9987.0,2261.0
10,"d","Indiana",3650.0,5662.0,2681.0
10,"d","Iowa",19100.0,19843.0,22500.0
10,"d","Kansas",1820.0,3154.0,860.0
10,"d","Kentucky",325.0,694.0,82.0
10,"d","Louisiana",10.0,20.2,2.0
10,"d","Maine",4.7,12.6,1.2
10,"d","Maryland",26.0,64.0,28.0
10,"d","",,,
10,"d","Massachusetts",11.0,16.8,2.3
10,"d","Michigan",1040.0,2070.0,264.0
10,"d","Minnesota",7700.0,12009.0,6300.0
10,"d","Mississippi",385.0,747.0,4.0
10,"d","Missouri",2900.0,7621.0,684.0
10,"d","Montana",180.0,437.0,15.0
10,"d","Nebraska",3150.0,7436.0,340.0
10,"d","Nevada",1.4,0.6,5.6
10,"d","New Hampshire",3.3,3.2,1.5
10,"d","New Jersey",8.0,5.2,19.0
10,"d","",,,
10,"d","New Mexico",1.5,1.6,0.8
10,"d","New York",108.0,160.0,11.0
10,"d","North Carolina",9000.0,17687.0,306.0
10,"d","North Dakota",143.0,812.0,36.0
10,"d","Ohio",2040.0,3473.0,735.0
10,"d","Oklahoma",2340.0,7315.0,800.0
10,"d","Oregon",16.0,30.0,-
10,"d","Pennsylvania",1110.0,1923.0,289.0
10,"d","Rhode Island",1.8,5.2,0.1
10,"d","South Carolina",230.0,212.0,91.0
10,"d","",,,
10,"d","South Dakota",1290.0,3717.0,702.0
10,"d","Tennessee",170.0,353.0,65.0
10,"d","Texas",670.0,1266.0,46.0
10,"d","Utah",740.0,1668.0,2.0
10,"d","Vermont",2.7,5.6,0.2
10,"d","Virginia",355.0,268.0,52.0
10,"d","Washington","(D)","(D)","(D)"
10,"d","West Virginia",5.0,7.0,1.0
10,"d","Wisconsin",340.0,822.0,37.0
10,"d","Wyoming",99.0,778.0,4.0
10,"d","",,,
10,"d","Idaho and",,,
10,"d"," Washington",61.0,151.2,25.9
10,"d","",,,
10,"d","United States",64925.0,115837.0,39917.9
10,"c",""
10,"c","See footnote(s) at end of table.","--continued"
