12,"t","Meat Animals Production, Disposition, and Income 2012 Summary: Released April 25, 2013, by the National Agricultural Statistics Service (NASS), Agricultural Statistics Board, United States Department of Agriculture (USDA)."
12,"t","Hogs and Pigs Production and Income � States and United States: 2011"
12,"t","[Dollar values based on data received from United States Department of Agriculture's Agricultural Marketing Service]"
12,"h","","","","","","",""
12,"h","State","Production 1/","Marketings 2/","Value of","Cash receipts 3/ 4/","Value of home","Gross"
12,"h","","","","production 3/","","consumption","income"
12,"h","","","","","","",""
12,"u","","(1,000 pounds)","(1,000 pounds)","(1,000 dollars)","(1,000 dollars)","(1,000 dollars)","(1,000 dollars)"
12,"d","Alabama",53621,55504,35652,37521,354,37875
12,"d","Alaska",606,504,420,348,116,464
12,"d","Arizona",92934,91750,63606,63399,342,63741
12,"d","Arkansas",85946,94444,95731,103977,715,104692
12,"d","California",49542,55770,28859,39196,1232,40428
12,"d","Colorado",300949,306745,230341,236355,507,236862
12,"d","Connecticut",689,724,453,481,94,575
12,"d","Delaware",2810,3222,1645,2170,61,2231
12,"d","Florida",4251,4894,2759,3125,134,3259
12,"d","Georgia",88359,97324,58427,66857,716,67573
12,"d","",,,,,,
12,"d","Hawaii",4021,3798,2779,2624,339,2963
12,"d","Idaho","(D)","(D)","(D)","(D)","(D)","(D)"
12,"d","Illinois",1911353,1940973,1350916,1427711,1118,1428829
12,"d","Indiana",1762434,1816272,1098479,1224498,1179,1225677
12,"d","Iowa",9816139,10233896,5944196,6713823,4403,6718226
12,"d","Kansas",930878,954215,603165,641132,920,642052
12,"d","Kentucky",176560,181820,113803,118977,1562,120539
12,"d","Louisiana",4275,4370,2771,2827,120,2947
12,"d","Maine",3130,2731,2151,1908,243,2151
12,"d","Maryland",12392,15478,6626,11009,199,11208
12,"d","",,,,,,
12,"d","Massachusetts",3029,2890,1911,1917,218,2135
12,"d","Michigan",618558,624110,405044,419148,662,419810
12,"d","Minnesota",3702918,3831090,2314373,2633575,2722,2636297
12,"d","Mississippi",161738,165100,107511,109957,655,110612
12,"d","Missouri",1321770,1350374,934293,979467,852,980319
12,"d","Montana",77175,80305,54381,58889,612,59501
12,"d","Nebraska",1317634,1323867,906366,918228,2042,920270
12,"d","Nevada",992,1088,732,750,81,831
12,"d","New Hampshire",783,1077,248,715,56,771
12,"d","New Jersey",1644,2165,716,1434,158,1592
12,"d","",,,,,,
12,"d","New Mexico",400,407,277,266,97,363
12,"d","New York",28259,30753,18669,20360,960,21320
12,"d","North Carolina",3662862,3689080,2493229,2517542,753,2518295
12,"d","North Dakota",70182,70438,59958,60674,727,61401
12,"d","Ohio",1065596,1065850,698443,706895,6679,713574
12,"d","Oklahoma",1350272,1384037,911095,946095,395,946490
12,"d","Oregon",7493,7375,5178,5096,381,5477
12,"d","Pennsylvania",479159,487524,312562,326007,1164,327171
12,"d","Rhode Island",575,534,363,355,31,386
12,"d","South Carolina",48966,56840,31544,38329,1429,39758
12,"d","",,,,,,
12,"d","South Dakota",779501,795120,533414,569577,1582,571159
12,"d","Tennessee",93672,95960,60198,62341,710,63051
12,"d","Texas",203312,179145,135269,120487,2811,123298
12,"d","Utah",305154,303730,210927,209890,332,210222
12,"d","Vermont",1230,1038,814,690,69,759
12,"d","Virginia",73830,88815,48919,59606,856,60462
12,"d","Washington","(D)","(D)","(D)","(D)","(D)","(D)"
12,"d","West Virginia",1938,1325,1298,898,331,1229
12,"d","Wisconsin",175156,175838,135800,138303,904,139207
12,"d","Wyoming",165446,163658,118416,117292,789,118081
12,"d","",,,,,,
12,"d","Idaho and",,,,,,
12,"d"," Washington",45770,47061,30987,32555,592,33147
12,"d","",,,,,,
12,"d","United States",31065903,31891028,20175714,21755276,44004,21799280
12,"c",""
12,"f","(D)  Withheld to avoid disclosing data for individual operations."
12,"f","1/ Adjustments made for changes in inventory and for inshipments."
12,"f","2/ Excludes custom slaughter for use on farms where produced and interfarm sales within the State."
12,"f","3/ Includes allowance for higher average price of State inshipments and outshipments of feeder pigs."
12,"f","4/ Receipts from marketings and sale of farm slaughter."
