15,"t","Meat Animals Production, Disposition, and Income 2012 Summary: Released April 25, 2013, by the National Agricultural Statistics Service (NASS), Agricultural Statistics Board, United States Department of Agriculture (USDA)."
15,"t","Hogs and Pigs Inventory, Supply, and Disposition � States and United States: 2012 (continued)"
15,"t","[Balance sheet estimates by State; the sum of inventory December 1, 2011, pig crop, and inshipments is equal to the sum of marketings, farm slaughter, deaths, and inventory December 1, 2012]"
15,"h","","","","",""
15,"h","","","Farm","",""
15,"h","State","Marketings","slaughter","Deaths","Inventory"
15,"h","","1/","2/","","December 1, 2012"
15,"h","","","","",""
15,"u","","(1,000 head)","(1,000 head)","(1,000 head)","(1,000 head)"
15,"d","Alabama",388.0,1.0,16.0,140.0
15,"d","Alaska",1.2,0.5,0.1,1.0
15,"d","Arizona",351.5,1.0,26.5,170.0
15,"d","Arkansas",1294.0,1.0,14.0,110.0
15,"d","California",247.0,6.0,14.0,105.0
15,"d","Colorado",2857.0,1.0,89.0,720.0
15,"d","Connecticut",3.8,0.2,0.2,2.2
15,"d","Delaware",19.0,0.1,0.4,4.0
15,"d","Florida",29.0,0.7,1.3,15.0
15,"d","Georgia",778.0,2.0,15.0,155.0
15,"d","",,,,
15,"d","Hawaii",14.6,2.5,1.4,11.5
15,"d","Idaho","(D)","(D)","(D)","(D)"
15,"d","Illinois",12302.0,2.0,395.0,4600.0
15,"d","Indiana",8045.0,2.0,335.0,3800.0
15,"d","Iowa",41136.0,10.0,2670.0,20600.0
15,"d","Kansas",3815.0,2.0,220.0,1910.0
15,"d","Kentucky",725.0,3.0,38.0,315.0
15,"d","Louisiana",6.4,1.0,1.6,7.0
15,"d","Maine",11.9,0.1,0.3,4.5
15,"d","Maryland",69.9,0.2,0.9,20.0
15,"d","",,,,
15,"d","Massachusetts",13.3,0.2,0.2,11.0
15,"d","Michigan",2201.0,2.0,61.0,1090.0
15,"d","Minnesota",19352.0,5.0,1075.0,7650.0
15,"d","Mississippi",680.5,2.0,23.5,415.0
15,"d","Missouri",8114.5,1.5,415.0,2750.0
15,"d","Montana",447.8,2.1,19.1,175.0
15,"d","Nebraska",7556.0,1.0,325.0,3000.0
15,"d","Nevada",8.6,0.3,0.1,2.7
15,"d","New Hampshire",5.2,0.3,0.3,3.3
15,"d","New Jersey",25.1,0.1,0.4,8.0
15,"d","",,,,
15,"d","New Mexico",1.8,0.2,0.7,1.3
15,"d","New York",147.7,3.0,6.3,66.0
15,"d","North Carolina",16536.1,1.9,1730.0,9000.0
15,"d","North Dakota",840.1,2.0,7.9,135.0
15,"d","Ohio",4253.0,13.0,155.0,2055.0
15,"d","Oklahoma",7862.0,1.0,445.0,2330.0
15,"d","Oregon",20.5,1.0,1.0,12.5
15,"d","Pennsylvania",2152.0,1.0,193.0,1140.0
15,"d","Rhode Island",4.4,0.1,0.1,1.9
15,"d","South Carolina",247.5,1.5,24.0,240.0
15,"d","",,,,
15,"d","South Dakota",4499.0,2.0,117.0,1200.0
15,"d","Tennessee",362.0,2.0,29.0,150.0
15,"d","Texas",1463.0,5.0,153.0,830.0
15,"d","Utah",1624.0,1.0,87.0,740.0
15,"d","Vermont",4.5,0.3,0.4,3.9
15,"d","Virginia",363.0,2.0,39.0,230.0
15,"d","Washington","(D)","(D)","(D)","(D)"
15,"d","West Virginia",7.8,1.0,1.1,6.0
15,"d","Wisconsin",874.0,2.0,27.0,325.0
15,"d","Wyoming",764.0,2.0,20.0,86.0
15,"d","",,,,
15,"d","Idaho and",,,,
15,"d"," Washington",191.5,1.5,3.9,65.0
15,"d","",,,,
15,"d","United States",152716.2,94.3,8798.7,66412.8
15,"c",""
15,"f","-  Represents zero."
15,"f","(D)  Withheld to avoid disclosing data for individual operations."
15,"f","1/ Includes custom slaughter for use on farms where produced and State outshipments, but excludes interfarm sales within the State."
15,"f","2/ Excludes custom slaughter for farmers at commercial establishments."
