23,"t","Meat Animals Production, Disposition, and Income 2001 Summary: Released April 26, 2002, by the National Agricultural Statistics Service (NASS), Agricultural Statistics Board, U.S. Department of Agriculture."
23,"t","Sheep and Lambs:  Inventory, Supply, and Disposition"
23,"t","by State and United States, 2001 (continued)"
23,"h","","","","",""
23,"h","","Farm","Deaths","Deaths","Inventory"
23,"h","State","Slaughter","","","Jan 1, 2002"
23,"h","","6/","Sheep","Lambs","2/"
23,"h","","","","",""
23,"u","","1,000 Head","1,000 Head","1,000 Head","1,000 Head"
23,"d","AZ",13.0,2.0,2.0,134.0
23,"d","CA",5.0,17.0,13.0,800.0
23,"d","CO",1.0,13.0,30.0,370.0
23,"d","ID",1.0,10.0,12.0,260.0
23,"d","IL",1.0,4.0,9.0,70.0
23,"d","IN",2.5,5.0,5.0,57.0
23,"d","IA",1.0,12.0,29.0,250.0
23,"d","KS",1.0,4.5,11.0,100.0
23,"d","MI",2.0,3.5,7.0,72.0
23,"d","MN",1.0,10.0,22.0,160.0
23,"d","MO",0.2,1.5,8.0,70.0
23,"d","MT",1.0,19.0,23.0,335.0
23,"d","NE",0.4,4.0,9.0,101.0
23,"d","NV",1.0,8.0,15.0,100.0
23,"d","N ENG 4/",0.9,2.5,3.5,47.0
23,"d","NM",7.0,10.0,10.0,230.0
23,"d","NY",1.0,5.0,6.0,60.0
23,"d","ND",0.5,8.0,20.0,145.0
23,"d","OH",1.5,6.0,14.0,140.0
23,"d","OK",1.0,3.0,7.0,60.0
23,"d","OR",3.0,9.0,12.0,285.0
23,"d","PA",1.7,3.0,7.5,86.0
23,"d","SD",0.5,18.0,38.0,400.0
23,"d","TX",2.0,40.0,70.0,1130.0
23,"d","UT",5.0,17.0,23.0,365.0
23,"d","VA",1.0,3.5,7.0,59.0
23,"d","WA",1.0,3.0,3.0,56.0
23,"d","WV",0.2,2.0,6.0,37.0
23,"d","WI",1.0,2.7,7.3,80.0
23,"d","WY",2.0,15.0,28.0,480.0
23,"d","",,,,
23,"d","Oth Sts 5/",6.0,9.0,14.0,146.0
23,"d","",,,,
23,"d","US",66.4,270.2,471.3,6685.0
23,"c",""
23,"f","1/  Balance sheet estimates by State; the sum of inventory January 1, 2001, lamb crop, and inshipments is equal to the sum of marketings, farm slaughter, deaths, and inventory January 1, 2002."
23,"f","2/  Includes new crop lambs."
23,"f","3/  Includes custom slaughter for use on farms where produced and State outshipments, but excludes interfarm sales within the State."
23,"f","4/  N ENG includes CT, ME, MA, NH, RI, and VT."
23,"f","5/  Other states include AL, AK, AR, DE, FL, GA, HI, KY, LA, MD, MS, NJ, NC, SC,  and TN."
23,"f","6/  Excludes custom slaughter for farmers at commercial establishments."
