1,"t","Meat Animals Production, Disposition, and Income 2001 Summary: Released April 26, 2002, by the National Agricultural Statistics Service (NASS), Agricultural Statistics Board, U.S. Department of Agriculture."
1,"t","Meat Animals:  Production and Income, United States, 1999-2001"
1,"h","","","","","","",""
1,"h","","","","Value","","Value of",""
1,"h","Year","Production","Marketings","of","Cash","Home","Gross"
1,"h","","","","Production","Receipts","Consumption","Income"
1,"h","","","","","","",""
1,"u","","Million Pounds","Million Pounds","Million Dollars","Million Dollars","Million Dollars","Million Dollars"
1,"d","1999",68793,84457,34166,45621,368,45988
1,"d","2000",69081,84761,39571,52984,411,53395
1,"d","2001",68801,82884,41009,53293,407,53700
1,"c",""
