19,"t","Meat Animals Production, Disposition, and Income 2001 Summary: Released April 26, 2002, by the National Agricultural Statistics Service (NASS), Agricultural Statistics Board, U.S. Department of Agriculture."
19,"t","Sheep and Lambs:  Inventory, Supply, and Disposition"
19,"t","by State and United States, Revised 2000 (continued)"
19,"h","","","","",""
19,"h","","Farm","Deaths","Deaths","Inventory"
19,"h","State","Slaughter","","","Jan 1, 2001"
19,"h","","6/","Sheep","Lambs","2/"
19,"h","","","","",""
19,"u","","1,000 Head","1,000 Head","1,000 Head","1,000 Head"
19,"d","AZ",15.0,2.0,1.0,132.0
19,"d","CA",5.0,19.0,14.0,840.0
19,"d","CO",1.0,9.0,30.0,420.0
19,"d","ID",1.0,10.0,15.0,275.0
19,"d","IL",1.0,4.0,9.0,75.0
19,"d","IN",2.5,3.5,9.5,66.0
19,"d","IA",1.0,10.0,28.0,270.0
19,"d","KS",1.0,4.0,8.0,110.0
19,"d","MI",2.0,3.0,6.0,71.0
19,"d","MN",1.0,9.0,20.0,170.0
19,"d","MO",0.2,2.0,6.0,73.0
19,"d","MT",1.0,19.0,24.0,360.0
19,"d","NE",0.5,7.0,14.0,114.0
19,"d","NV",1.0,8.0,15.0,95.0
19,"d","N ENG 4/",0.9,2.3,3.4,50.0
19,"d","NM",8.0,11.0,12.0,255.0
19,"d","NY",1.0,5.0,5.0,60.0
19,"d","ND",0.5,6.0,16.0,138.0
19,"d","OH",1.5,6.0,13.0,142.0
19,"d","OK",1.0,2.0,5.0,55.0
19,"d","OR",3.0,11.0,9.0,245.0
19,"d","PA",1.2,3.5,8.5,81.0
19,"d","SD",0.5,17.0,37.0,420.0
19,"d","TX",2.0,50.0,85.0,1150.0
19,"d","UT",5.0,18.0,25.0,390.0
19,"d","VA",1.0,3.5,7.0,61.0
19,"d","WA",1.0,1.5,2.5,54.0
19,"d","WV",0.2,2.0,5.0,35.0
19,"d","WI",1.0,2.2,6.3,80.0
19,"d","WY",2.0,19.0,33.0,530.0
19,"d","",,,,
19,"d","Oth Sts 5/",6.0,12.0,14.0,148.0
19,"d","",,,,
19,"d","US",69.0,281.5,486.2,6965.0
19,"c",""
19,"f","1/  Balance sheet estimates by State; the sum of inventory January 1, 2000, lamb crop, and inshipments is equal to the sum of marketings, farm slaughter, deaths, and inventory January 1, 2001."
19,"f","2/  Includes new crop lambs."
19,"f","3/  Includes custom slaughter for use on farms where produced and State outshipments, but excludes interfarm sales within the State."
19,"f","4/  N ENG includes CT, ME, MA, NH, RI, and VT."
19,"f","5/  Other states include AL, AK, AR, DE, FL, GA, HI, KY, LA, MD, MS, NJ, NC, SC,  and TN."
19,"f","6/  Excludes custom slaughter for farmers at commercial establishments."
